Date,0,1,2,3,4,5,6,7,8,9,10,11,12,13,14,15,16,17,18,19,20,21,22,23,24,25,26,27,28,29,30,31,32,33,34,35,36,37,Mean,Median,StdDev
2019-11-14,0.8674,0.8674,0.8957,0.9408,0.9408,-0.7441,0.91,0.91,-0.7441,,,,,,,,,,,,,,,,,,,,,,,,,,,,,,0.5382111111111111,0.8815500000000001,0.6588586489598532
2019-11-13,0.8957,0.9749,0.9749,-0.8628,0.9624,-0.6808,-0.6808,-0.8628,-0.5267,0.9963,0.9963,-0.6908,-0.6908,0.9118,0.8834,-0.8176,-0.8176,0.4997,-0.8957,,,,,,,,,,,,,,,,,,,,0.02994736842105263,-0.24837631578947367,0.8160776597594993
2019-11-12,0.902,0.902,-0.4767,-0.4767,0.7321,0.7321,0.85,0.85,0.9843,0.9843,0.9783,0.9823,0.9783,0.9823,0.984,0.9823,0.9807,,,,,,,,,,,,,,,,,,,,,,0.7559764705882352,0.94015,0.4467080293169255
2019-11-11,0.9891,-0.2023,-0.2023,0.7579,0.7579,-0.2023,0.9468,0.886,,,,,,,,,,,,,,,,,,,,,,,,,,,,,,,0.46635,0.7579,0.5019947346171405
2019-11-10,0.9891,0.9872,0.09,0.905,-0.7532,,,,,,,,,,,,,,,,,,,,,,,,,,,,,,,,,,0.44361999999999996,0.67431,0.6336323448145921
2019-11-09,0.905,0.905,,,,,,,,,,,,,,,,,,,,,,,,,,,,,,,,,,,,,0.905,0.905,0.0
2019-11-08,-0.8375,0.9191,-0.8375,0.188,0.9191,0.9872,,,,,,,,,,,,,,,,,,,,,,,,,,,,,,,,,0.22306666666666666,0.22306666666666666,0.7371428949796962
2019-11-07,0.9721,0.9721,0.9741,0.893,0.989,0.266,0.266,0.9835,0.9835,-0.079,,,,,,,,,,,,,,,,,,,,,,,,,,,,,0.72203,0.9721,0.37425631414988925
2019-11-06,0.9651,0.9651,0.9543,-0.9858,0.9543,0.9555,0.9555,-0.0772,-0.0772,-0.0129,-0.0129,0.8979,-0.985,0.8979,-0.985,0.8979,-0.9402,0.6591,-0.985,0.6591,0.961,0.961,,,,,,,,,,,,,,,,,0.3010227272727273,0.6591,0.7676268732314088
2019-11-05,0.8558,0.8558,0.9862,0.9432,0.9819,0.9862,-0.82,-0.3182,,,,,,,,,,,,,,,,,,,,,,,,,,,,,,,0.5588625,0.8558,0.634044301796511
2019-11-04,0.9829,0.9829,-0.8678,0.9941,,,,,,,,,,,,,,,,,,,,,,,,,,,,,,,,,,,0.523025,0.9829,0.7423629005440444
2019-11-03,0.7343,0.8979,0.9941,-0.3182,-0.3182,0.9523,0.9986,-0.4678,,,,,,,,,,,,,,,,,,,,,,,,,,,,,,,0.43412500000000004,0.7343,0.599300581470925
2019-11-02,0.9819,0.9819,-0.9587,0.9259,0.9259,,,,,,,,,,,,,,,,,,,,,,,,,,,,,,,,,,0.57138,0.9259,0.7114886412505623
2019-11-01,0.9939,0.9939,0.91,0.91,0.9908,0.9791,0.9955,0.3818,0.9882,0.9819,0.9908,0.0598,0.9918,0.9794,-0.6425,0.9666,-0.6425,0.9879,-0.8805,0.5106,0.9792,0.0598,-0.8805,0.9201,0.9201,0.9836,-0.9968,0.9413,0.9413,0.875,-0.5994,-0.5994,,,,,,,0.4997125,0.9201,0.7001863823712023
2019-10-31,-0.2263,0.9879,0.5245,0.5245,0.9594,0.5245,0.9594,-0.2263,-0.9927,-0.9927,0.9594,0.0516,-0.9765,0.7935,0.9729,0.9729,0.7937,0.2272,-0.7984,0.9836,0.9836,0.4215,0.7845,0.9741,0.9628,0.9502,0.9502,0.9161,0.9955,0.9964,0.9964,,,,,,,,0.5146258064516128,0.8549,0.6510006049229067
2019-10-30,-0.2263,0.9966,0.9966,-0.9609,0.9844,0.9949,0.9885,0.9538,-0.9961,0.9761,0.9761,0.9579,0.8372,0.8074,0.802,-0.8957,0.9942,0.9973,-0.3612,-0.3612,0.9666,0.8957,0.8957,,,,,,,,,,,,,,,,0.5312869565217392,0.92475,0.7029598644898704
2019-10-29,0.6808,0.8211,0.8211,0.9821,0.9821,0.9971,-0.8638,0.3182,0.3182,-0.8638,0.9971,0.9935,-0.9634,-0.9493,0.9783,0.9427,0.846,0.9833,0.9823,-0.1208,0.9334,-0.8979,-0.9689,0.9973,0.9974,,,,,,,,,,,,,,0.39776399999999995,0.83355,0.7741367239734918
2019-10-28,0.9781,-0.25,0.9761,0.9761,-0.25,0.9947,0.9974,0.972,0.9781,0.964,0.9841,0.9878,0.9878,0.3182,0.3182,0.9785,0.9785,0.8903,0.9973,0.9826,0.9785,0.9844,0.9869,0.9895,0.9514,0.972,0.9896,0.9854,,,,,,,,,,,0.8427678571428572,0.9785,0.34254561480905715
2019-10-27,0.9747,,,,,,,,,,,,,,,,,,,,,,,,,,,,,,,,,,,,,,0.9747,0.9747,0.0
2019-10-25,0.9922,-0.7186,-0.7186,0.9922,0.631,0.9933,0.631,0.9799,-0.2263,-0.7311,0.9655,0.9655,0.9953,-0.3071,0.936,0.6124,0.9485,0.9485,-0.0217,0.9953,0.9766,,,,,,,,,,,,,,,,,,0.5161809523809524,0.94225,0.6343756747198965
2019-10-24,0.9766,0.9746,-0.9947,0.9903,0.9686,0.9686,0.9746,-0.9947,0.9013,0.9013,-0.1154,-0.1154,,,,,,,,,,,,,,,,,,,,,,,,,,,0.45297500000000007,0.9013,0.7372026159528463
2019-10-23,0.8807,0.9894,0.9894,0.9848,0.9858,-0.8779,0.9848,0.9904,0.9908,-0.0516,0.9549,0.8807,0.6369,0.6369,0.9493,0.9493,0.3612,0.743,,,,,,,,,,,,,,,,,,,,,0.7210444444444444,0.9493,0.4620137713346422
2019-10-22,0.9828,0.9801,0.9661,0.9661,0.946,0.946,0.9888,0.9011,0.9011,0.9888,0.9812,0.9812,0.943,-0.5106,-0.5106,-0.9463,-0.9463,0.523,0.9887,0.9887,0.9313,0.765,0.9201,,,,,,,,,,,,,,,,0.6380565217391304,0.9444999999999999,0.6306008066940214
2019-10-21,-0.2263,-0.9485,0.6908,0.2732,0.2732,0.9761,,,,,,,,,,,,,,,,,,,,,,,,,,,,,,,,,0.17308333333333328,0.2732,0.5805341945028761
2019-10-20,0.9936,0.9934,0.886,0.886,,,,,,,,,,,,,,,,,,,,,,,,,,,,,,,,,,,0.9397500000000001,0.9397500000000001,0.048075503117492174
2019-10-18,-0.9538,0.9022,-0.9485,-0.9538,0.9022,-0.5267,0.9976,0.9976,-0.8979,-0.124,-0.124,0.9755,0.3818,0.985,-0.9178,-0.9178,0.9936,,,,,,,,,,,,,,,,,,,,,,0.04536470588235296,-0.03931764705882352,0.8220303851291374
2019-10-17,-0.4471,0.7624,0.7624,0.9022,0.9015,0.813,0.5106,0.5106,0.9015,0.813,0.988,0.9917,0.9917,0.9694,0.9843,0.2263,,,,,,,,,,,,,,,,,,,,,,,0.7238437499999999,0.813,0.3574686456211955
2019-10-16,-0.4939,0.9081,0.9843,-0.9299,-0.9299,-0.4939,,,,,,,,,,,,,,,,,,,,,,,,,,,,,,,,,-0.15919999999999998,-0.4939,0.7518308870208589
2019-10-15,-0.0772,-0.0772,0.9879,0.9879,0.9956,0.9953,0.9956,0.9971,0.9962,0.9924,0.9953,0.9971,0.9477,0.9873,0.9873,,,,,,,,,,,,,,,,,,,,,,,,0.84722,0.99015,0.3529645559317786
2019-10-14,-0.999,0.9717,0.7184,,,,,,,,,,,,,,,,,,,,,,,,,,,,,,,,,,,,0.2303666666666667,0.4743833333333334,0.7659519164992598
2019-10-13,-0.5167,,,,,,,,,,,,,,,,,,,,,,,,,,,,,,,,,,,,,,-0.5167,-0.5167,0.0
2019-10-12,-0.9991,,,,,,,,,,,,,,,,,,,,,,,,,,,,,,,,,,,,,,-0.9991,-0.9991,0.0
2019-10-11,-0.9984,0.9941,0.9941,0.9914,0.9716,0.9823,0.981,0.9524,-0.7579,0.6808,0.7675,,,,,,,,,,,,,,,,,,,,,,,,,,,,0.5962636363636363,0.962,0.6815478770696011
2019-10-10,-0.2263,-0.9973,0.9493,-0.9973,0.9493,0.802,-0.9643,0.9062,-0.9643,-0.9987,-0.9623,0.882,-0.1531,-0.969,0.9194,-0.969,0.9463,0.959,-0.9987,0.631,0.6124,0.9992,0.9636,0.9636,0.6633,-0.8225,-0.1531,-0.2533,,,,,,,,,,,0.06133571428571427,0.06133571428571427,0.8336639322124482
2019-10-09,-0.2533,-0.9841,0.8807,0.9461,0.7269,0.8555,0.8555,0.9821,0.8176,0.9896,0.9896,0.9873,0.9816,0.9816,0.9949,0.9601,-0.9881,0.9169,-0.9809,,,,,,,,,,,,,,,,,,,,0.5610315789473684,0.8988,0.7073914407497333
2019-10-08,-0.9768,-0.9881,0.975,0.975,0.991,0.991,0.4118,0.4118,0.5267,0.6369,0.9961,0.9961,,,,,,,,,,,,,,,,,,,,,,,,,,,0.4955416666666667,0.6369,0.6722151446530575
2019-10-07,0.9758,0.9758,-0.9486,-0.999,-0.999,0.7506,-0.9904,0.5745,0.9756,-0.9486,-0.7854,-0.9866,-0.974,-0.2263,-0.2263,0.9756,0.5994,0.6486,,,,,,,,,,,,,,,,,,,,,-0.08934999999999996,-0.2263,0.8199294270778175
2019-10-06,0.9468,,,,,,,,,,,,,,,,,,,,,,,,,,,,,,,,,,,,,,0.9468,0.9468,0.0
2019-10-05,-0.6908,,,,,,,,,,,,,,,,,,,,,,,,,,,,,,,,,,,,,,-0.6908,-0.6908,0.0
2019-10-04,-0.9348,0.1779,0.3818,0.7266,0.9423,-0.9199,-0.9199,-0.9348,0.9575,0.3818,-0.8703,-0.1027,-0.2263,-0.4577,-0.974,-0.6362,0.9229,0.9229,-0.8097,0.9648,0.9423,0.3735,0.1027,0.2023,0.8988,0.8988,-0.892,-0.8047,-0.892,0.4472,-0.7469,-0.9751,0.9648,0.9572,,,,,0.002032352941176472,0.1027,0.7609571850217143
2019-10-03,0.9607,0.4763,0.4763,0.9135,0.9638,-0.9764,0.5267,0.5267,0.9652,0.9916,-0.7717,-0.7717,,,,,,,,,,,,,,,,,,,,,,,,,,,0.35674999999999996,0.5267,0.693582664414541
2019-10-02,0.9882,0.9882,0.8774,0.8774,0.0276,0.0276,,,,,,,,,,,,,,,,,,,,,,,,,,,,,,,,,0.6310666666666667,0.8774,0.4067094067118887
2019-10-01,-0.5982,-0.9978,0.9601,0.9545,0.9692,0.945,0.945,-0.932,-0.5982,-0.5982,-0.9022,0.7184,0.9821,0.9748,0.9748,-0.932,,,,,,,,,,,,,,,,,,,,,,,0.17908125,0.7184,0.8513408596303053
2019-09-30,-0.9814,0.9916,0.5816,0.5816,0.998,-0.5574,-0.1854,-0.898,-0.8464,0.9043,0.9708,0.9043,0.586,0.1779,0.6706,-0.2263,-0.3465,,,,,,,,,,,,,,,,,,,,,,0.19560588235294118,0.3886029411764706,0.6849831328091206
2019-09-27,0.9961,0.9961,0.9743,0.9743,-0.953,-0.953,-0.2263,0.8641,0.9884,-0.2263,0.9783,0.9884,-0.2382,,,,,,,,,,,,,,,,,,,,,,,,,,0.39716923076923066,0.9192,0.742573952551644
2019-09-26,-0.0,0.9818,-0.9022,-0.9022,0.9978,0.7308,0.0772,0.0772,0.3682,0.3682,0.9978,-0.4867,-0.9822,0.9723,0.9723,,,,,,,,,,,,,,,,,,,,,,,,0.21802000000000005,0.29311000000000004,0.6975334102729839
2019-09-25,0.9396,0.9396,-0.4215,-0.9822,-0.6652,-0.6652,0.9678,0.9678,0.9482,0.9482,0.9274,0.9274,0.1531,0.9322,0.8941,-0.9962,0.5499,0.5499,0.9322,0.9937,0.9937,,,,,,,,,,,,,,,,,,0.46830952380952384,0.9274,0.7043233860950826
2019-09-24,0.9844,-0.9886,-0.9886,0.979,0.979,0.9819,0.9819,0.6404,0.6404,0.9713,0.0129,0.0129,0.9618,0.954,0.8126,-0.9214,-0.9214,-0.09,0.9767,0.9767,0.2732,0.5984,0.5984,,,,,,,,,,,,,,,,0.4098217391304348,0.6404,0.6958556285891445
2019-09-23,0.9692,0.3612,0.9954,0.7003,0.7003,-0.9919,-0.9919,0.7506,-0.5423,-0.2732,0.9877,0.5859,-0.8402,0.886,0.886,-0.1628,0.3962,0.9877,0.9954,0.9741,0.8528,0.7579,0.9976,,,,,,,,,,,,,,,,0.434,0.72545,0.6671162317017927
2019-09-22,0.9976,0.9904,,,,,,,,,,,,,,,,,,,,,,,,,,,,,,,,,,,,,0.994,0.994,0.0029393876913398525
2019-09-21,0.9904,0.9904,,,,,,,,,,,,,,,,,,,,,,,,,,,,,,,,,,,,,0.9904,0.9904,0.0
2019-09-20,0.9574,0.8258,0.9574,-0.1154,-0.474,0.8572,-0.474,0.8258,0.5956,-0.9153,0.9872,0.8004,0.9586,0.9586,0.1531,0.9184,0.8553,0.9184,-0.9311,-0.9311,,,,,,,,,,,,,,,,,,,0.386415,0.8258,0.7042006318052424
2019-09-19,0.0516,0.9433,0.9295,0.9295,0.9872,0.886,0.9867,0.9867,0.9602,-0.7391,0.9602,0.3818,0.3818,0.9716,0.9289,0.9885,-0.9968,,,,,,,,,,,,,,,,,,,,,,0.6198588235294117,0.9295,0.5937415415447805
2019-09-18,-0.9752,-0.9915,-0.9968,0.8749,0.9521,0.9521,0.9881,0.9881,0.9871,0.9871,-0.9915,0.9847,0.9847,-0.9672,0.8625,0.9716,0.9716,0.8625,-0.9719,-0.9835,0.969,0.969,,,,,,,,,,,,,,,,,0.3376136363636364,0.9521,0.8916329254184285
2019-09-17,0.9515,0.7845,0.3668,0.7351,0.9153,0.3668,0.7351,0.9783,0.9783,0.9811,0.9515,0.9893,0.9893,0.4933,0.9393,0.9393,-0.296,-0.296,0.4331,-0.7506,-0.7506,,,,,,,,,,,,,,,,,,0.5445095238095238,0.7598,0.5544624436135706
2019-09-16,-0.8402,0.9582,0.7876,0.7876,0.9516,0.9462,0.9462,0.276,0.9582,0.6201,0.0772,0.0,,,,,,,,,,,,,,,,,,,,,,,,,,,0.5390583333333333,0.7876,0.5200594119126004
2019-09-15,-0.9962,0.9451,0.9451,,,,,,,,,,,,,,,,,,,,,,,,,,,,,,,,,,,,0.29800000000000004,0.62155,0.8056330029858509
2019-09-14,0.8807,,,,,,,,,,,,,,,,,,,,,,,,,,,,,,,,,,,,,,0.8807,0.8807,0.0
2019-09-13,0.969,0.7906,0.9091,-0.9186,0.9091,0.8807,0.9914,-0.4404,0.9914,0.9852,0.9852,-0.8402,0.969,-0.9186,0.7992,0.9847,0.7906,0.9041,0.7935,0.9775,0.9794,-0.4215,,,,,,,,,,,,,,,,,0.5486545454545454,0.9041,0.6819883658875588
2019-09-12,0.9963,-0.9608,-0.9608,-0.9608,0.9963,0.25,0.25,,,,,,,,,,,,,,,,,,,,,,,,,,,,,,,,-0.055685714285714276,0.09715714285714286,0.7809206335845211
2019-09-11,0.8442,0.8442,0.9666,0.9837,0.9917,0.9917,0.9901,0.9901,0.9705,0.9617,0.9756,0.9516,0.9457,0.9664,0.9756,-0.9706,0.9664,0.9042,0.9506,-0.3818,0.0784,,,,,,,,,,,,,,,,,,0.7569809523809523,0.9640500000000001,0.5007144559072285
2019-09-10,0.7311,0.9682,0.9838,-0.9365,-0.128,0.9838,0.5859,0.9492,0.9285,0.9492,0.9885,0.8807,0.9885,0.9882,0.9831,0.9882,0.974,0.974,-0.8294,0.9022,0.9022,-0.8591,-0.6124,0.9633,0.9633,0.9974,0.9042,,,,,,,,,,,,0.6337814814814814,0.9492,0.6325444618152228
2019-09-09,-0.2598,-0.0,-0.2598,0.9447,0.9447,0.9489,0.9489,-0.3182,-0.3182,-0.9965,-0.9965,0.9969,0.9969,-0.2023,0.0516,-0.0,-0.5994,,,,,,,,,,,,,,,,,,,,,,0.11069999999999998,0.0,0.6709457784369309
2019-09-08,0.9974,,,,,,,,,,,,,,,,,,,,,,,,,,,,,,,,,,,,,,0.9974,0.9974,0.0
2019-09-07,0.9762,0.9194,0.9194,,,,,,,,,,,,,,,,,,,,,,,,,,,,,,,,,,,,0.9383333333333334,0.9288666666666667,0.02357180990552531
2019-09-06,-0.1531,-0.1154,-0.1154,-0.3612,-0.1531,-0.2732,-0.0772,0.5522,0.9896,0.9968,0.9896,0.985,-0.9979,0.9294,0.9294,,,,,,,,,,,,,,,,,,,,,,,,0.2750333333333333,0.09891666666666665,0.618964312353564
2019-09-05,0.9366,0.9366,0.9322,0.888,0.9815,0.985,0.888,0.3774,0.9823,-0.8724,0.3774,-0.8724,0.9738,0.9738,0.9732,-0.9979,,,,,,,,,,,,,,,,,,,,,,,0.52894375,0.9322,0.7038801127182049
2019-09-04,-0.5859,-0.5859,0.9926,0.9633,0.9633,0.9805,,,,,,,,,,,,,,,,,,,,,,,,,,,,,,,,,0.45465,0.9633,0.7046002812828907
2019-09-03,0.9865,0.4576,0.9783,0.4576,0.9783,0.9926,0.9795,0.9795,-0.9531,-0.9153,-0.9612,-0.93,,,,,,,,,,,,,,,,,,,,,,,,,,,0.25419166666666665,0.4576,0.8324316883804812
2019-09-02,0.9559,0.9559,-0.8289,-0.8289,,,,,,,,,,,,,,,,,,,,,,,,,,,,,,,,,,,0.0635,0.0635,0.7981868252483248
2019-09-01,0.9985,-0.9907,-0.2263,,,,,,,,,,,,,,,,,,,,,,,,,,,,,,,,,,,,-0.07283333333333332,-0.14956666666666665,0.7103690502517376
2019-08-31,0.937,,,,,,,,,,,,,,,,,,,,,,,,,,,,,,,,,,,,,,0.937,0.937,1.3597399555105182e-16
2019-08-30,0.8349,0.8349,0.9893,0.8953,0.9948,,,,,,,,,,,,,,,,,,,,,,,,,,,,,,,,,,0.90984,0.90257,0.06457658823148718
2019-08-29,0.8989,0.9949,0.9949,-0.6705,-0.855,0.9906,0.8625,-0.6705,0.991,0.991,-0.4497,0.8155,0.9382,0.7003,0.9831,-0.2263,0.6187,-0.25,,,,,,,,,,,,,,,,,,,,,0.42542222222222226,0.8155,0.6764820544626972
2019-08-28,0.9516,0.9598,0.8999,0.8999,0.9598,0.6187,-0.6124,0.9864,0.9864,-0.5118,0.7545,0.7545,,,,,,,,,,,,,,,,,,,,,,,,,,,0.6372749999999999,0.8999,0.5307831651661192
2019-08-27,0.946,-0.9878,0.9984,-0.9011,-0.9011,0.8834,0.8834,0.93,-0.8873,,,,,,,,,,,,,,,,,,,,,,,,,,,,,,0.1071,0.49524999999999997,0.879667696374861
2019-08-26,-0.7834,0.0267,-0.9871,0.0267,0.6454,0.9571,0.9618,0.8402,-0.3071,-0.4767,,,,,,,,,,,,,,,,,,,,,,,,,,,,,0.09036000000000004,0.0267,0.6603513860266159
2019-08-23,0.5486,-0.5193,-0.996,0.549,0.549,-0.9641,-0.9641,0.9361,-0.5193,0.7261,0.5486,-0.8883,-0.7906,0.775,-0.9429,-0.9429,0.9955,0.9955,,,,,,,,,,,,,,,,,,,,,-0.050227777777777774,-0.050227777777777774,0.7856632992544081
2019-08-22,-0.4664,-0.4664,0.9905,0.9905,0.9581,0.9952,0.9705,0.9705,,,,,,,,,,,,,,,,,,,,,,,,,,,,,,,0.6178125000000001,0.9705,0.6007189132050794
2019-08-21,0.9878,0.9878,-0.6908,0.9936,0.1779,-0.6908,0.9936,0.1779,,,,,,,,,,,,,,,,,,,,,,,,,,,,,,,0.36712500000000003,0.36712500000000003,0.6553573728212044
2019-08-20,0.8878,0.8878,0.974,0.974,-0.5267,-0.2508,0.9776,0.0,0.0,-0.9326,0.9875,,,,,,,,,,,,,,,,,,,,,,,,,,,,0.3616909090909091,0.6247454545454546,0.6607757639979974
2019-08-19,0.9829,0.9841,0.9841,0.9513,0.9838,0.9843,0.9861,0.9853,0.9806,-0.2508,0.8807,0.2863,0.9828,0.4588,,,,,,,,,,,,,,,,,,,,,,,,,0.7985928571428572,0.9828,0.35115639381884456
2019-08-18,0.9477,0.2863,-0.2263,0.0038,,,,,,,,,,,,,,,,,,,,,,,,,,,,,,,,,,,0.252875,0.252875,0.3938390654823363
2019-08-16,-0.1511,-0.1511,0.9509,0.9325,0.993,0.993,0.9451,0.3262,0.9911,-0.8251,-0.8251,,,,,,,,,,,,,,,,,,,,,,,,,,,,0.3799454545454546,0.6562227272727272,0.6841978750728368
2019-08-15,0.743,0.743,-0.6059,-0.6059,0.9766,0.9766,,,,,,,,,,,,,,,,,,,,,,,,,,,,,,,,,0.37123333333333336,0.743,0.658989677024309
2019-08-14,0.989,-0.8922,-0.8922,0.9778,-0.9014,-0.7943,-0.8709,-0.2263,-0.9728,0.296,-0.9794,-0.9794,0.9829,0.9951,0.994,,,,,,,,,,,,,,,,,,,,,,,,-0.15160666666666664,-0.5103,0.8460366920250056
2019-08-13,0.9713,-0.7845,-0.7845,0.9337,-0.648,-0.648,-0.923,-0.923,0.9337,0.9864,0.9864,0.9468,0.989,-0.7404,-0.7404,0.9886,0.9774,0.2111,0.9792,0.5574,0.9153,-0.8658,0.3291,0.659,0.659,-0.982,-0.9877,-0.9691,,,,,,,,,,,0.10810714285714287,0.3291,0.8260510674157573
2019-08-12,-0.9247,0.9044,0.9044,0.9725,0.9952,0.9952,0.9725,0.991,0.991,-0.9734,-0.9631,-0.8939,0.2247,,,,,,,,,,,,,,,,,,,,,,,,,,0.32275384615384617,0.9044,0.8457301735654276
2019-08-11,0.6597,,,,,,,,,,,,,,,,,,,,,,,,,,,,,,,,,,,,,,0.6597,0.6597,0.0
2019-08-10,0.6135,,,,,,,,,,,,,,,,,,,,,,,,,,,,,,,,,,,,,,0.6135,0.6135,0.0
2019-08-09,0.9824,0.9824,-0.9755,0.9932,-0.9832,0.9932,-0.296,0.8074,0.9626,0.9626,-0.9554,-0.9288,-0.9288,-0.9247,,,,,,,,,,,,,,,,,,,,,,,,,0.04938571428571432,0.04938571428571432,0.8896874214068241
2019-08-08,0.9819,0.9819,0.9853,0.7783,0.9884,0.7783,0.9884,-0.3577,-0.3577,0.0516,0.0516,-0.2263,0.9983,0.9983,0.9983,-0.4359,-0.4359,0.9801,-0.5719,,,,,,,,,,,,,,,,,,,,0.43027894736842104,0.7783,0.617740282389995
2019-08-07,0.9801,0.9801,0.9942,0.9635,0.3744,0.9902,0.9902,-0.8957,,,,,,,,,,,,,,,,,,,,,,,,,,,,,,,0.672125,0.9801,0.5974716595382487
2019-08-06,0.973,0.3064,0.3064,-0.5423,-0.5423,-0.7316,-0.7316,-0.9092,0.973,-0.9377,0.9912,-0.7548,0.4417,0.9303,0.9303,0.9912,-0.3612,0.1027,0.1531,-0.8694,-0.5423,0.9871,-0.8694,0.948,-0.9849,,,,,,,,,,,,,,0.010307999999999993,0.056504,0.7524126826204579
2019-08-05,-0.9435,-0.8271,-0.8271,-0.872,-0.9538,-0.9538,-0.9517,-0.9023,-0.7099,-0.9924,-0.9924,-0.9924,-0.9924,-0.9703,-0.9781,-0.9896,0.6824,0.6824,0.9775,-0.8062,0.9775,-0.9561,-0.7408,-0.9561,-0.2263,0.9938,0.9366,,,,,,,,,,,,-0.49200370370370367,-0.88715,0.7387083390873558
2019-08-04,0.296,0.296,0.4767,,,,,,,,,,,,,,,,,,,,,,,,,,,,,,,,,,,,0.35623333333333335,0.32611666666666667,0.0749898952452188
2019-08-03,0.9769,,,,,,,,,,,,,,,,,,,,,,,,,,,,,,,,,,,,,,0.9769,0.9769,0.0
2019-08-02,-0.9807,0.8627,0.8627,-0.2023,0.7866,-0.7184,-0.7184,-0.9807,0.3804,0.3804,0.3804,-0.8641,-0.9296,0.5423,0.5423,-0.9711,-0.2023,0.5267,-0.3431,0.1742,-0.4019,-0.9061,-0.9061,-0.9717,,,,,,,,,,,,,,,-0.194075,-0.2023,0.6630331404591443
2019-08-01,-0.9761,0.9995,0.9773,0.9773,0.9106,0.9903,0.9571,0.9903,0.9501,0.9382,0.8184,-0.0258,0.8184,-0.0258,-0.0258,,,,,,,,,,,,,,,,,,,,,,,,0.6182666666666667,0.9244,0.5616652712061562
2019-07-31,0.0,-0.4124,-0.4124,0.9771,0.9771,-0.2263,-0.743,0.9971,0.3673,0.9824,0.8088,0.8088,0.8088,0.1045,0.9657,0.9931,0.9931,0.1531,0.1531,0.9682,0.4741,0.95,0.95,0.8442,0.94,0.8442,0.9928,0.9628,0.97,-0.3612,0.9971,0.998,0.9595,-0.9942,0.97,,,,0.5646114285714284,0.8920999999999999,0.5754124753550081
2019-07-30,-0.9684,0.998,0.9958,0.8267,0.8267,0.984,0.984,0.8338,0.7184,0.7184,0.9981,-0.4404,-0.5106,0.936,0.9647,0.9403,0.9958,-0.9855,0.9764,0.5276,0.9718,-0.1531,0.9958,0.9848,0.9794,0.9794,0.9794,0.9259,0.9259,-0.2023,-0.2023,0.4588,,,,,,,0.5926031250000001,0.9259,0.6024327805466423
2019-07-29,0.2698,0.2698,-0.7717,-0.264,0.9344,0.9204,0.9188,0.9121,,,,,,,,,,,,,,,,,,,,,,,,,,,,,,,0.39869999999999994,0.39869999999999994,0.5711068026210159
2019-07-27,0.8271,,,,,,,,,,,,,,,,,,,,,,,,,,,,,,,,,,,,,,0.8271,0.8271,1.3597399555105182e-16
2019-07-26,-0.3358,-0.3358,0.2458,0.2458,0.989,-0.2263,-0.9686,0.9969,0.9891,0.5693,0.9843,0.9891,0.9969,0.9969,0.8225,0.8225,,,,,,,,,,,,,,,,,,,,,,,0.48635,0.8225,0.6048841989928125
2019-07-25,0.9834,0.2927,0.8481,0.4215,0.9969,0.9927,0.9927,0.8481,0.3612,0.3612,0.1531,0.9382,0.9754,0.9754,0.7933,0.7933,0.9638,,,,,,,,,,,,,,,,,,,,,,0.7465294117647059,0.8481,0.2812870836354596
2019-07-24,0.9382,-0.8442,-0.8442,-0.9618,-0.4795,0.9927,0.9331,0.9331,-0.9618,-0.4795,0.9359,0.9638,0.9359,0.9638,0.9638,-0.5957,0.0176,-0.6482,-0.5957,-0.7986,-0.3612,0.8935,-0.3612,0.8935,0.8074,,,,,,,,,,,,,,0.12962800000000002,0.07361400000000001,0.7780962203789085
2019-07-23,-0.9364,0.9968,0.9968,0.7269,0.7269,0.9705,0.9979,-0.9408,0.9744,0.9942,0.8126,-0.9083,-0.9083,-0.2549,0.9709,0.9709,0.9712,0.8126,0.9712,0.9477,0.9752,-0.9217,0.8555,,,,,,,,,,,,,,,,0.46964347826086955,0.9016,0.7644598391382798
2019-07-22,-0.2263,0.936,0.0516,0.0516,-0.9223,0.7152,0.7152,0.9749,0.7152,0.9749,-0.898,0.8929,,,,,,,,,,,,,,,,,,,,,,,,,,,0.33174166666666666,0.7152,0.6585674817633315
2019-07-19,0.7732,-0.9565,0.9936,0.9963,0.9081,0.9081,-0.9879,0.9936,0.9294,0.9963,0.9942,0.3276,,,,,,,,,,,,,,,,,,,,,,,,,,,0.5730000000000001,0.9081,0.6917947857200505
2019-07-21,0.9936,,,,,,,,,,,,,,,,,,,,,,,,,,,,,,,,,,,,,,0.9936,0.9936,1.3597399555105182e-16
2019-07-20,-0.9968,-0.9968,-0.997,-0.997,,,,,,,,,,,,,,,,,,,,,,,,,,,,,,,,,,,-0.9969,-0.9969,8.944271909998174e-05
2019-07-18,0.8873,0.9967,-0.9876,0.9942,0.9837,0.9942,0.9837,0.7087,0.9294,-0.7845,-0.7845,0.8225,0.7406,0.7406,0.9863,-0.7717,-0.3573,0.631,0.5994,0.7082,,,,,,,,,,,,,,,,,,,0.451045,0.7406,0.690232115653489
2019-07-17,-0.802,0.9944,0.8225,0.9944,-0.802,0.9411,0.9411,0.9936,0.9936,0.9936,0.9618,-0.9873,0.9524,0.9524,-0.2263,-0.9873,0.9924,0.8319,-0.9971,0.8319,-0.9971,,,,,,,,,,,,,,,,,,0.35228571428571426,0.8865000000000001,0.8376840435367019
2019-07-16,0.6485,0.6485,0.9675,0.9983,0.9675,0.9898,0.9898,0.9662,0.9662,0.9354,0.9354,0.9873,0.6705,0.128,,,,,,,,,,,,,,,,,,,,,,,,,0.8427785714285714,0.9662,0.23056386238056004
2019-07-15,0.905,0.8669,,,,,,,,,,,,,,,,,,,,,,,,,,,,,,,,,,,,,0.88595,0.88595,0.01555425986667319
2019-07-14,-0.6412,0.964,0.964,,,,,,,,,,,,,,,,,,,,,,,,,,,,,,,,,,,,0.42893333333333333,0.6964666666666667,0.6661526278230504
2019-07-12,0.7967,0.8765,-0.9967,-0.9967,-0.8003,-0.9958,-0.891,-0.891,,,,,,,,,,,,,,,,,,,,,,,,,,,,,,,-0.4872875,-0.891,0.7346017207485538
2019-07-11,-0.2263,0.0516,0.0516,0.4215,0.8294,-0.9068,-0.5537,-0.9068,-0.5537,-0.5537,0.9636,0.9636,0.8294,0.8294,-0.9946,-0.9946,0.9905,0.6369,0.968,,,,,,,,,,,,,,,,,,,,0.09712105263157894,0.07436052631578947,0.7363007430558349
2019-07-10,0.9151,0.9704,0.9704,0.4791,0.9723,0.9723,0.99,-0.0387,0.99,-0.0387,0.9846,0.9337,0.8748,0.9423,0.9423,-0.2838,0.9359,-0.9936,0.9359,0.4779,-0.8925,0.4779,,,,,,,,,,,,,,,,,0.5689818181818183,0.9337,0.5994460389055533
2019-07-09,0.2574,0.2574,0.743,-0.9659,0.9643,0.9643,0.9964,0.9716,0.3833,0.9716,0.7845,-0.9832,-0.9878,-0.2306,0.9898,-0.8705,-0.2306,-0.3597,-0.7184,,,,,,,,,,,,,,,,,,,,0.1545736842105263,0.2574,0.7452616513650647
2019-07-08,-0.2263,0.9893,-0.4588,0.743,-0.4019,-0.4019,-0.8126,-0.8126,0.0258,0.8068,-0.2263,0.4588,-0.875,0.2198,-0.3612,0.0,0.91,0.983,0.9964,0.8422,0.9925,0.996,0.9925,-0.9906,-0.9906,-0.743,-0.743,,,,,,,,,,,,0.07082592592592594,0.0129,0.7242475445210438
2019-07-07,-0.7029,-0.7029,-0.7029,,,,,,,,,,,,,,,,,,,,,,,,,,,,,,,,,,,,-0.7029,-0.7029,0.0
2019-07-05,0.9933,0.9933,0.9867,-0.9894,-0.9894,0.9867,-0.9903,,,,,,,,,,,,,,,,,,,,,,,,,,,,,,,,0.14155714285714288,0.5641285714285714,0.9271879040069142
2019-07-04,-0.9274,-0.9561,-0.9561,0.9939,,,,,,,,,,,,,,,,,,,,,,,,,,,,,,,,,,,-0.461425,-0.9274,0.7753004817085437
2019-07-03,0.9568,-0.9274,-0.0754,-0.0754,-0.6597,-0.6597,,,,,,,,,,,,,,,,,,,,,,,,,,,,,,,,,-0.2401333333333333,-0.2401333333333333,0.5746217878288458
2019-07-02,0.9873,0.8855,0.8855,-0.6124,-0.6124,-0.8425,,,,,,,,,,,,,,,,,,,,,,,,,,,,,,,,,0.1151666666666666,0.1151666666666666,0.7486440498216315
2019-07-01,0.9979,0.9979,0.9985,0.9958,0.9958,0.9948,-0.2099,0.7786,0.9934,0.9812,0.9812,0.8658,0.9903,0.8658,-0.2099,0.2023,-0.1027,-0.8425,,,,,,,,,,,,,,,,,,,,,0.62635,0.9812,0.5557031961196837
2019-06-30,0.9911,-0.9884,0.9911,,,,,,,,,,,,,,,,,,,,,,,,,,,,,,,,,,,,0.33126666666666665,0.6611833333333333,0.8214858751406232
2019-06-28,0.5208,0.9958,0.9274,0.9958,-0.9887,0.9911,-0.9887,0.8916,0.9274,0.77,0.8498,-0.1779,0.9766,0.7949,-0.8124,0.9925,0.5346,0.5346,-0.5267,-0.7184,,,,,,,,,,,,,,,,,,,0.37450500000000003,0.77,0.723536254823783
2019-06-27,0.9022,0.9022,-0.2263,0.7843,-0.9337,-0.7579,-0.1122,-0.1122,0.4902,0.4902,0.0,0.9949,0.9756,0.9937,0.6187,-0.25,,,,,,,,,,,,,,,,,,,,,,,0.29748125000000003,0.4902,0.6058417634092034
2019-06-26,0.3506,0.296,0.296,0.9949,-0.7081,0.6757,0.6705,0.7906,0.9435,-0.7081,-0.743,0.2263,,,,,,,,,,,,,,,,,,,,,,,,,,,0.257075,0.296,0.5899014189300038
2019-06-25,0.2263,0.988,0.9283,0.9782,,,,,,,,,,,,,,,,,,,,,,,,,,,,,,,,,,,0.7802,0.9283,0.29305346554283684
2019-06-24,-0.1423,-0.1423,-0.1423,-0.4676,-0.4676,0.9657,0.9782,0.9657,0.6757,-0.9528,0.8777,-0.9528,0.8518,0.8518,,,,,,,,,,,,,,,,,,,,,,,,,0.20706428571428573,0.20706428571428573,0.6934708305397739
2019-06-23,-0.9528,0.6757,0.9681,0.9681,,,,,,,,,,,,,,,,,,,,,,,,,,,,,,,,,,,0.414775,0.6757,0.7221378299448796
2019-06-21,0.9802,0.9802,0.802,0.9906,0.9906,0.9869,-0.9849,0.9895,0.9895,-0.9849,0.9935,-0.5719,-0.5719,0.9894,,,,,,,,,,,,,,,,,,,,,,,,,0.4699142857142857,0.9802,0.7819783329461749
2019-06-20,-0.9916,-0.9784,0.0276,0.934,0.934,-0.9784,-0.8441,0.9473,0.0276,0.0276,0.9473,0.8705,0.9869,-0.5574,-0.5574,0.7223,0.9742,-0.8176,0.9742,0.9721,0.9844,0.3182,,,,,,,,,,,,,,,,,0.22378636363636362,0.3182,0.7665722174973741
2019-06-19,0.9959,0.1018,0.9356,0.978,0.978,0.4766,0.9959,0.9356,-0.9901,-0.1122,-0.9917,-0.2263,0.8943,0.8943,-0.9031,-0.9904,0.6505,0.633,0.6956,0.9801,0.9954,0.9954,,,,,,,,,,,,,,,,,0.40555454545454545,0.6956,0.7229324520436473
2019-06-18,-0.9981,0.9865,0.9792,0.9792,0.9783,0.9717,0.9743,-0.431,0.5574,0.631,-0.9819,-0.9348,0.4939,-0.5574,0.4939,-0.1154,,,,,,,,,,,,,,,,,,,,,,,0.251675,0.4939,0.7405893365603363
2019-06-17,-0.2263,-0.1531,-0.9301,-0.9301,-0.875,0.8715,0.223,0.223,0.1893,0.9132,0.4748,-0.2263,-0.1027,,,,,,,,,,,,,,,,,,,,,,,,,,-0.04221538461538463,-0.0724576923076923,0.5709682966525664
2019-06-16,-0.2263,-0.2263,0.5106,0.5106,0.2732,-0.9858,,,,,,,,,,,,,,,,,,,,,,,,,,,,,,,,,-0.023999999999999983,-0.023999999999999983,0.4879742352683329
2019-06-15,0.9217,0.9217,,,,,,,,,,,,,,,,,,,,,,,,,,,,,,,,,,,,,0.9217,0.9217,0.0
2019-06-14,-0.9962,-0.9962,0.9288,0.9288,0.5941,0.7889,0.0847,-0.9813,-0.9813,-0.94,-0.6644,-0.204,-0.9507,-0.9813,0.9136,-0.4019,0.9231,0.9231,-0.8176,-0.7783,,,,,,,,,,,,,,,,,,,-0.18040499999999998,-0.4019,0.7935012822305766
2019-06-13,-0.9507,0.4122,-0.9507,0.4122,0.0258,0.9559,0.9301,0.9657,0.9657,-0.8834,,,,,,,,,,,,,,,,,,,,,,,,,,,,,0.18828,0.4122,0.7546216327766819
2019-06-12,0.7579,0.7579,-0.3476,-0.3476,0.9883,0.9883,-0.291,0.9073,0.9169,,,,,,,,,,,,,,,,,,,,,,,,,,,,,,0.48115555555555556,0.7579,0.5548476359223894
2019-06-11,0.7147,0.7147,0.875,0.8718,0.8314,0.3971,0.8718,0.8922,0.8922,0.3833,0.976,0.6167,0.8689,0.8689,0.8445,0.9349,0.8445,0.875,0.8658,0.1875,0.1875,0.8885,0.3612,,,,,,,,,,,,,,,,0.7288739130434783,0.8551500000000001,0.2363144011410254
2019-06-10,0.9427,0.9427,0.7897,0.7897,0.7897,0.9784,0.9784,0.988,0.9504,0.6486,0.715,0.988,0.9837,,,,,,,,,,,,,,,,,,,,,,,,,,0.8834615384615384,0.9427,0.11168138984873924
2019-06-09,0.6617,0.9936,0.9936,,,,,,,,,,,,,,,,,,,,,,,,,,,,,,,,,,,,0.8829666666666668,0.9382833333333334,0.13773738921908205
2019-06-07,0.9947,0.9947,0.959,0.8126,0.9921,,,,,,,,,,,,,,,,,,,,,,,,,,,,,,,,,,0.95062,0.9755499999999999,0.06488341658404749
2019-06-06,0.6908,0.3182,0.3182,-0.891,-0.891,0.91,0.986,0.986,0.91,0.8967,,,,,,,,,,,,,,,,,,,,,,,,,,,,,0.42339000000000004,0.6908,0.6704876236463122
2019-06-05,0.8967,0.9152,0.4927,0.5423,0.5423,0.5423,0.9152,0.4927,-0.9904,0.8967,0.8012,-0.0276,0.5994,0.1779,0.8016,0.9427,0.9826,0.9201,-0.8572,-0.5574,,,,,,,,,,,,,,,,,,,0.45145,0.5423,0.5767791589960273
2019-06-04,0.9738,0.9738,0.8763,0.5494,-0.5574,-0.5574,0.2263,0.2263,0.5494,0.9533,0.9533,0.9826,0.839,0.9826,-0.9708,-0.5645,0.9374,0.9374,0.8804,0.93,0.93,-0.9668,-0.7645,0.8442,0.8442,0.25,0.9261,0.4019,-0.9133,-0.9941,-0.9133,0.9306,0.8425,-0.9349,-0.9903,-0.9031,-0.128,0.2732,0.23304210526315786,0.5494,0.7683080544079134
2019-06-03,-0.2263,-0.9807,0.6059,0.9936,0.9432,0.9783,0.9783,0.9261,0.6059,0.5423,0.5423,0.9274,0.9936,0.296,0.8834,0.8834,0.9905,0.9905,0.9905,0.9473,0.9473,0.807,,,,,,,,,,,,,,,,,0.7075363636363637,0.9261,0.46163536592875637
2019-05-31,0.7096,0.7096,0.9965,0.9965,-0.9838,0.9938,-0.9756,-0.9849,-0.93,-0.9854,-0.9443,,,,,,,,,,,,,,,,,,,,,,,,,,,,-0.12709090909090912,-0.5285454545454545,0.8929876826144485
2019-05-30,0.0772,0.8689,0.8689,0.9241,0.9153,0.9688,0.1913,0.9735,-0.1857,0.2023,0.34,0.1253,0.1253,-0.8192,,,,,,,,,,,,,,,,,,,,,,,,,0.3982857142857143,0.34,0.5037448358777183
2019-05-29,0.34,0.34,0.1913,0.9584,0.9584,-0.984,-0.9881,-0.9831,-0.9791,-0.8074,-0.9791,-0.8074,-0.3818,0.9856,0.9856,,,,,,,,,,,,,,,,,,,,,,,,-0.14338,-0.26259,0.7917779378361826
2019-05-28,0.9819,0.9819,0.9779,-0.3818,0.9797,0.0772,0.1406,0.6322,0.1406,-0.9854,-0.9854,-0.2023,0.9846,,,,,,,,,,,,,,,,,,,,,,,,,,0.2570538461538462,0.1988269230769231,0.6830528447401886
2019-05-26,-0.8957,-0.4404,-0.4404,,,,,,,,,,,,,,,,,,,,,,,,,,,,,,,,,,,,-0.5921666666666666,-0.5162833333333333,0.18894797623214235
2019-05-24,0.6798,0.6798,0.8373,0.8373,0.4939,0.8779,0.8294,-0.6369,-0.0007,-0.0007,-0.4767,0.959,-0.802,-0.6808,,,,,,,,,,,,,,,,,,,,,,,,,0.2569,0.4939,0.6227305279974638
2019-05-23,-0.8689,0.9858,-0.9381,-0.9857,-0.9463,0.9945,-0.8625,0.6632,-0.8074,0.6632,,,,,,,,,,,,,,,,,,,,,,,,,,,,,-0.21022,-0.8074,0.832487465682326
2019-05-22,0.9976,-0.8074,-0.5969,-0.5969,-0.9865,0.959,-0.9865,0.8415,-0.2023,0.8415,-0.9862,0.8314,0.8979,0.8934,0.8934,0.8979,0.8934,0.8934,0.9368,-0.7894,0.4019,0.9368,-0.2023,-0.7894,0.0402,0.9794,0.9794,,,,,,,,,,,,0.2655962962962963,0.83645,0.7719604141374564
2019-05-21,0.9696,0.9696,-0.875,-0.875,-0.0415,0.982,-0.9958,-0.9961,0.949,,,,,,,,,,,,,,,,,,,,,,,,,,,,,,0.009644444444444468,-0.015927777777777766,0.852158187886062
2019-05-20,-0.9953,0.949,-0.8402,0.982,-0.2772,0.28,0.9804,0.28,-0.8402,-0.8719,-0.9533,-0.99,-0.99,-0.9313,-0.7314,0.9809,-0.2772,-0.9022,0.9956,-0.2772,-0.9022,0.9956,-0.9803,-0.8675,0.2263,-0.9694,-0.7606,-0.7783,-0.7783,,,,,,,,,,-0.3187655172413793,-0.76945,0.7519807378574401
